"","LST_day","LST_night","NDWI","NDVI","TMAX","TMIN","PRCP"
"2009-01-01",0.86905193877551,-5.60608408163265,-0.109258979591837,0.211570510204082,1.73824807142857,-6.25680228571429,1.96794735714286
"2009-01-09",-5.12718163265306,-17.9479283673469,0.156672551020408,0.13753112244898,-2.34848086734694,-14.448996377551,7.56144092857143
"2009-01-17",-0.332180612244898,-9.65474520408163,0.188339693877551,0.137122653061224,-0.0269157857142859,-11.685069744898,1.95706952040816
"2009-01-25",-2.60507265306122,-10.8392023469388,0.638064081632653,4.69387755101903e-06,-3.15167487755102,-11.8132607142857,11.0837270408163
"2009-02-02",3.06071581632653,-7.415695,0.345467755102041,0.0880192857142857,3.59464472193878,-7.6200704872449,1.35142035714286
"2009-02-10",8.51297040816327,0.321650918367347,-0.0768631632653061,0.247478163265306,8.09622714795918,-1.48555895408163,32.7388780102041
"2009-02-18",4.42671551020408,-8.97925591836735,-0.0977439795918367,0.217806632653061,3.61375849234694,-8.04400247193878,4.34121106122449
"2009-02-26",7.7148012244898,-6.66813928571429,-0.19946,0.238086326530612,5.82852820408163,-5.5289281122449,16.9607860612245
"2009-03-06",15.4250952040816,0.393107448979592,-0.138563571428571,0.241058979591837,13.8284630102041,1.10230201020408,43.310365244898
"2009-03-14",20.4028516326531,0.621664795918367,-0.191461428571429,0.258866326530612,16.9350465510204,0.752132397959184,2.83855709183673
"2009-03-22",15.5924237755102,2.25886989795918,-0.00289295918367347,0.206159897959184,15.0224548877551,3.65186666326531,38.5555121122449
"2009-03-30",16.6065142857143,0.508660612244898,-0.13192693877551,0.291673571428571,14.288721744898,1.22959469387755,30.6105258469388
"2009-04-07",18.2872751020408,-1.47666224489796,-0.14951693877551,0.297668265306122,13.7332965408163,0.357727816326531,33.7453716530612
"2009-04-15",23.6739276530612,2.16023326530612,-0.159303469387755,0.303546530612245,18.4912598469388,4.16674679591837,27.216780244898
"2009-04-23",25.7110831632653,8.56620586734694,-0.0506815306122449,0.251690408163265,23.8501682040816,11.1055362040816,51.2620898673469
"2009-05-01",26.8936936734694,11.7897113265306,-0.0999732653061225,0.34087387755102,22.7402019795918,10.9330342346939,25.9298713979592
"2009-05-09",24.6253081632653,7.90181336734694,-0.12225612244898,0.344238163265306,22.2424964795918,9.58754735714286,69.038512877551
"2009-05-17",30.6292991836735,9.52470969387755,-0.135142244897959,0.327202653061224,26.1718546428571,10.6555551734694,1.23612278571429
"2009-05-25",32.9022806122449,11.8826316326531,-0.127582244897959,0.36213887755102,26.9092604081633,13.6278835918367,35.2969302040816
"2009-06-02",31.4187741836735,11.0263921428571,-0.106181632653061,0.339197346938776,26.8776424387755,12.7700720267857,28.4504994183673
"2009-06-10",30.7424451020408,15.575732755102,-0.0338031632653061,0.401343163265306,26.9569030306122,16.0297164617347,38.1900637857143
"2009-06-18",34.5215524489796,21.6646393877551,-0.0208948979591837,0.494896428571429,32.8274516020408,21.3555241721939,38.1932863469388
"2009-06-26",33.591666122449,17.1685083673469,0.0292987755102041,0.551345204081633,29.8489611632653,17.3176608112245,8.16471002040816
"2009-07-04",28.9693283673469,16.6674028571429,0.167016020408163,0.640469795918367,27.6513610714286,17.0795127665816,43.9102731122449
"2009-07-12",27.6970323469388,15.2908451020408,0.242919489795918,0.726253265306122,26.6487450714286,15.8131015484694,26.3001187040816
"2009-07-20",26.553273877551,14.8449460204082,0.302304693877551,0.766634387755102,26.681240244898,15.5610933201531,23.4224835816327
"2009-07-28",25.1779525510204,15.2214578571429,0.338035816326531,0.816150612244898,26.6608721020408,15.943566255102,17.8377087959184
"2009-08-05",27.36025,17.4628110204082,0.35689387755102,0.85957,28.6770076938776,18.0219019693878,21.4548648571429
"2009-08-13",27.4225313265306,16.3468865306122,0.372819489795918,0.861645918367347,28.690164744898,17.5349040816327,43.6721954183673
"2009-08-21",24.0066967346939,13.2450273469388,0.366212653061224,0.839983469387755,25.2597455510204,14.3105972346939,27.0731775816327
"2009-08-29",23.4020467346939,10.654396122449,0.35542387755102,0.833743673469388,23.5319379387755,11.1463969183673,5.59806218367347
"2009-09-06",25.0823029591837,14.1698670408163,0.309396224489796,0.801011734693878,25.9176967767857,14.5421537997449,12.5048467346939
"2009-09-14",25.3758914285714,11.7273158163265,0.245442755102041,0.726562857142857,25.6287529209184,12.5245504668367,15.9294689081633
"2009-09-22",23.110946122449,11.104077755102,0.109681020408163,0.604003469387755,23.1001083915816,12.9545890625,20.0963953265306
"2009-09-30",20.8111960204082,5.61385551020408,0.0294863265306122,0.50709612244898,18.39855075,6.12619246428571,23.9179549183673
"2009-10-08",16.0087190816327,3.16595505102041,0.0436112244897959,0.29678612244898,12.8297717232143,3.57586964923469,64.5856488469388
"2009-10-16",17.8003203061224,1.97939153061224,-0.117129897959184,0.348209081632653,15.9101075739796,4.51894897704082,41.0767715918367
"2009-10-24",14.4054698469388,5.94649209183673,-0.100044081632653,0.303025408163265,15.6695979859694,6.58943587627551,54.6501807040816
"2009-11-01",17.9535003061225,3.65008020408163,-0.189511836734694,0.274289387755102,16.9427338571429,3.27970995918367,0.360194040816327
"2009-11-09",15.8580996938776,1.76900244897959,-0.165907040816327,0.256403265306122,16.165266877551,4.05065454081633,13.4102094183673
"2009-11-17",14.6541837755102,2.14339479591837,-0.113762755102041,0.264520612244898,12.4585090612245,3.21538679591837,27.5933537653061
"2009-11-25",10.7887213265306,0.480442653061224,-0.152,0.262042551020408,10.4107197981859,0.795458725623583,14.1369958469388
"2009-12-03",0.213854387755102,-7.77141683673469,-0.0970442857142857,0.236837244897959,2.08737939229025,-6.28932838548753,25.1218413061224
"2009-12-11",-0.622531530612245,-8.89293091836735,0.0449245918367347,0.199136734693878,1.8595643537415,-7.24382222108844,8.17339471428572
"2009-12-19",-5.58784709183673,-9.84882476190476,0.145399081632653,0.0304929591836735,1.5044950090703,-3.5488327845805,50.7785157857143
"2009-12-27",-4.0407656122449,-11.8837435034014,0.451417653061224,0.0789374489795918,-1.40369341723356,-9.36796658276644,5.41725271428571
"2010-01-04",-8.2504542,-17.5555331,0.4248965,0.0813973,-7.01307633666667,-16.3665734133333,6.78372584
"2010-01-12",-6.2229997,-9.7056315,0.6209673,0.010128,-2.20494842444444,-10.5257668722222,0.19669134
"2010-01-20",0.1903777,-6.3059491,0.1879558,0.0315195,3.15081897777778,-2.20483416111111,22.53715946
"2010-01-28",-2.63011281666667,-9.54949318333333,0.3138393,0.1104618,-1.23036768666667,-9.46955071333333,5.09418876
"2010-02-05",-2.01205303333333,-10.0393573666667,0.3271975,0.1042811,0.605098436666667,-7.02092422666667,15.29255351
"2010-02-13",-1.6277259,-13.1846812,0.6075445,0.0243362,-1.08198925,-11.26632642,4.37241596
"2010-02-21",1.4941767,-11.2827025,0.3997081,0.0843275,2.87543215,-7.14941339,13.99907254
"2010-03-01",7.7223719,-7.2245653,0.1008795,0.1661564,5.52912028,-5.901302615,0.05805833
"2010-03-09",16.5425133,-2.4877029,-0.0358799,0.2005657,14.02344032,1.0991765,25.38880215
"2010-03-17",19.2993476,1.3677864,-0.1549257,0.2404981,14.61400506,2.67138351,7.29897542
"2010-03-25",18.5270539,-0.8820743,-0.143414,0.2703637,14.34615272,0.4434977,27.5922217
"2010-04-02",22.1849984,6.2299273,-0.1660005,0.280476,22.50360908,7.99187323,21.34002381
"2010-04-10",28.6896907,5.0174441,-0.1629247,0.2969467,23.80304326,6.72296256,10.76935845
"2010-04-18",28.0588709,4.7640502,-0.1507591,0.2958892,23.14118468,5.92440359,2.15979769
"2010-04-26",23.2786692,7.7657329,-0.1335901,0.3129269,20.44181001,8.83251602,37.73254276
"2010-05-04",28.967206,9.3777001,-0.1544668,0.2983051,24.3748163,10.26115859,30.71336826
"2010-05-12",27.7246906,4.4108383,-0.0917253,0.3204148,20.99929795,7.77939268,47.0824008
"2010-05-20",29.8305068,14.6847283,-0.11755,0.3394456,24.71060195,13.4690956,28.65125629
"2010-05-28",35.8231699,16.5351598,-0.1021755,0.3841982,31.37955968,17.32037679,22.03993426
"2010-06-05",29.6454235,15.2241411,0.0166488,0.5087641,28.02466776,16.45989153,39.90306875
"2010-06-13",29.4729697,18.0235087,0.1490817,0.6341017,29.28030545,18.77564807,44.51626247
"2010-06-21",30.0280768,19.5853702,0.1859131,0.6941258,30.67966179,19.65882061,55.39837724
"2010-06-29",30.8191629,15.2985445,0.2429099,0.7444385,29.23184617,16.26738481,15.82211098
"2010-07-07",30.5964056,18.3494975,0.2995795,0.7830553,30.94446342,19.7146811,23.76344712
"2010-07-15",29.9281093,19.9148885,0.3441028,0.8361136,30.90343427,20.17701067,20.06018916
"2010-07-23",28.1280843,21.0277948,0.3699781,0.8559725,30.40170371,21.03779923,64.91316454
"2010-07-31",28.6318492,19.1232379,0.3506818,0.8175399,30.31817917,20.00528404,18.31910742
"2010-08-08",29.2878639,18.7696617,0.3443892,0.8447664,31.64757481,19.79673212,16.93705543
"2010-08-16",29.5058357,19.3978393,0.31646,0.8145201,30.80101021,19.25129226,24.17106698
"2010-08-24",29.3909034,15.529081,0.2102765,0.7206918,29.3452632,15.98320364,18.84075414
"2010-09-01",27.6643381,15.3703821,0.1416978,0.6498209,28.25390464,16.15807402,34.06913424
"2010-09-09",29.5312393,12.328806,0.0421177,0.5184849,27.11357686,12.54668755,20.62004732
"2010-09-17",31.141163,13.4567353,-0.0128098,0.4440639,28.41039158,13.68786586,13.43052026
"2010-09-25",27.8666616,9.8679539,-0.1133761,0.3516299,25.35202348,11.48130074,15.53550773
"2010-10-03",27.6850825,5.0767196,-0.1386985,0.3067315,22.79630168,4.97082303,2.39334594
"2010-10-11",30.4701845,6.2980912,-0.1525813,0.2789819,27.20596325,7.81118656,1.82118485
"2010-10-19",25.3953449,2.4135083,-0.158485,0.2658063,22.23495608,3.67894723,2.66157759
"2010-10-27",17.8560407,3.2433897,-0.1667019,0.2658777,18.52604422,5.68599773,22.71798096
"2010-11-04",17.1197648,-1.912013,-0.1813668,0.2559199,14.40548405,-0.74384578,1.13299543
"2010-11-12",22.4514686,2.2095036,-0.1684087,0.2598553,18.90898921,3.0738305,3.69320912
"2010-11-20",9.4859781,-0.4447641,-0.1356427,0.2711276,11.03631372,0.32388818,21.44918706
"2010-11-28",5.9956613,-3.6092203,-0.1464559,0.2642882,6.04247338,-3.22540846,46.45001519
"2010-12-06",-1.1637139,-8.0112286,0.1650051,0.1575631,-0.403162092023121,-8.70752470080925,4.65762088
"2010-12-14",-4.24326865,-15.05045845,0.5475761,0.0663774,-2.33680205404624,-11.9836492616185,16.14022199
"2010-12-22",-3.25390291666667,-10.3788522666667,0.3422296,0.0821906,-0.125090872736031,-7.36266580576108,9.00535634
"2010-12-30",-2.25656708333333,-9.35325603333333,-0.1073755,0.2346091,1.88947754857418,-6.22976388990366,8.46579402
"2011-01-07",0.577221958762887,-7.26425494845361,-0.132073917525773,0.238726391752577,1.75417574289283,-7.4991414511902,12.2946822783505
"2011-01-15",-6.56013871134021,-13.6520353092784,0.34503206185567,0.0683648453608247,-2.81102644401591,-11.6726726928577,4.90895677319588
"2011-01-23",-7.59627974226804,-17.296666185567,0.533640515463918,0.00389546391752577,-3.73693385772876,-12.3386855737005,10.0082842371134
"2011-01-31",-1.48185948453608,-6.77888989690722,0.392300927835052,0.0599553608247423,0.766962439898584,-5.94798171227524,7.51373579381443
"2011-02-08",-5.92890381443299,-14.505878556701,0.592518144329897,0.0147463917525773,-3.42586465422664,-12.5834275003345,20.445833
"2011-02-16",0.351750618556701,-7.38506391752577,0.379725463917526,0.0946992783505155,4.59537818979246,-5.75047175231131,0.340011432989691
"2011-02-24",13.141031443299,1.45233474226804,-0.122936288659794,0.242744742268041,9.88016555958475,0.136945573031478,31.5994467525773
"2011-03-04",10.3558189690722,-2.96459113402062,-0.0696001030927835,0.264653711340206,9.04262378504715,-1.82345008100718,40.7531431546392
"2011-03-12",10.6317307216495,0.243358041237113,-0.135841649484536,0.254267010309278,8.15048845896316,-0.623301874221091,13.7913847113402
"2011-03-20",16.9381816494845,1.69040783505155,-0.162470309278351,0.251944432989691,14.8126331741163,2.39620648720417,17.909917742268
"2011-03-28",16.8303195876289,1.98624773195876,-0.171812886597938,0.278936804123711,11.7332116109189,0.84110417852634,7.39777089690722
"2011-04-05",20.753733814433,0.0702886597938144,-0.192012577319588,0.274986701030928,16.0771749137009,1.27289540593098,11.4871337938144
"2011-04-13",25.6665213402062,6.31015618556701,-0.156762474226804,0.315512371134021,22.025049128854,7.44256830859336,26.263164814433
"2011-04-21",19.2360350515464,1.52756649484536,-0.0869768041237113,0.322680618556701,15.8389372821515,3.66454277826604,51.7841246494845
"2011-04-29",22.520254742268,5.17147845360825,-0.0828360824742268,0.321504020618557,18.4935232808097,7.56144121701089,84.2989334123711
"2011-05-07",24.0952671134021,5.56107639175258,-0.101537731958763,0.31403412371134,19.3963970320453,6.16728954235368,26.2410234639175
"2011-05-15",29.0162587628866,12.3926630927835,-0.114867835051546,0.344218762886598,24.5938940616314,12.6613897233666,23.1376695670103
"2011-05-23",29.9601760824742,8.81725773195876,-0.123426288659794,0.338743195876289,24.6594773901866,10.7173205332454,14.4474415051546
"2011-05-31",31.6676111340206,15.8752917525773,-0.116523505154639,0.344345773195876,26.3194109661645,14.2287162812686,53.2428560412371
"2011-06-08",37.9178732989691,20.954540927835,-0.100082680412371,0.386927010309278,32.8913556246166,19.3193813591887,19.2507458350515
"2011-06-16",31.2736705154639,15.8458869072165,-0.00753216494845361,0.46745587628866,27.347531592347,15.1261992824697,48.884464
"2011-06-24",25.9590404639175,17.0779469072165,0.143191855670103,0.476574948453608,26.0585074982218,17.3308486387403,46.1393299896907
"2011-07-02",30.6819889690722,17.5031282474227,0.140839072164948,0.657331649484536,29.0673807339935,17.4817111599594,41.2453130103093
"2011-07-10",31.8190497938144,19.3016334020619,0.221284536082474,0.737453092783505,30.6421982274971,18.7588498358176,19.9677977938144
"2011-07-18",30.7099555670103,19.806036185567,0.293710927835052,0.795759484536082,30.7372641230626,19.8431554292017,9.58055686597938
"2011-07-26",31.2508293814433,22.7585455670103,0.311542783505155,0.814494742268041,32.5509938742982,22.3260939401115,29.9169409793814
"2011-08-03",30.1745669072165,21.2477134020619,0.355461546391753,0.84993824742268,31.6611932543998,21.1845308221553,18.7478813505155
"2011-08-11",28.8679819587629,16.5091470103093,0.383493711340206,0.867923195876289,29.0477675520271,17.3432145083228,14.3626666082474
"2011-08-19",27.806131443299,15.6273889690722,0.361341958762887,0.837309381443299,28.3134612104792,15.8261683491295,8.32919189690722
"2011-08-27",29.6069231958763,16.3810997938144,0.335766907216495,0.819780927835052,29.6240156833643,16.1177930249878,13.1800691443299
"2011-09-04",30.8937939175258,18.1388173195876,0.299694536082474,0.782147525773196,30.3988219603731,16.8371021132171,11.2826654020619
"2011-09-12",28.0512213402062,13.1737420618557,0.229600618556701,0.702757319587629,25.2939952167633,11.9422638715496,6.23312553608247
"2011-09-20",25.7459762886598,10.1332380412371,0.0922321649484536,0.552242989690722,22.0854304009886,9.85423849586148,29.0093276391753
"2011-09-28",22.0855665979381,7.8950630927835,0.0389286597938144,0.430625773195876,20.0287722759355,8.29841479027644,35.3252992680412
"2011-10-06",27.4317077319588,5.99615051546392,-0.0580953608247423,0.40651,24.4473620374804,5.96006048675324,0.376663835051546
"2011-10-14",29.1981003092783,9.2351206185567,-0.113450618556701,0.325769381443299,25.1097197680974,9.82370502859088,15.2735985051546
"2011-10-22",20.2682303092784,2.35476958762887,-0.140109278350515,0.291984226804124,16.5512899729413,3.37992984877903,19.6771358041237
"2011-10-30",19.3711684536082,3.57951412371134,-0.155727319587629,0.273497731958763,17.6140141159295,3.78330431845171,7.68826742268041
"2011-11-07",18.132727628866,1.69589969072165,-0.168763608247423,0.269196494845361,16.4297924857218,3.93524293245429,37.0397362989691
"2011-11-15",13.0573893814433,1.93284474226804,-0.168558041237113,0.264054948453608,14.1977439689161,2.83942357738471,27.5152756597938
"2011-11-23",9.94003587628866,-1.96928412371134,-0.204749896907216,0.269916907216495,9.92960574077027,0.787575057366671,19.1159240309278
"2011-12-01",7.72725979381443,-1.59481134020619,-0.142764329896907,0.286179072164948,8.5812409559234,-0.200128802857552,37.6939720309278
"2011-12-09",2.80614381443299,-7.30786886597938,-0.0910101030927835,0.248641546391753,4.77553348293219,-3.53883095947353,21.3980748453608
"2011-12-17",6.2112975257732,-4.08350329896907,-0.165304845360825,0.27432381443299,7.28158435014717,-2.58347968309981,32.854690814433
"2011-12-25",6.08121020618557,-2.99059298969072,-0.171848865979381,0.283881237113402,6.73150088746524,-1.65910432425187,12.1213134020619
"2012-01-02",8.14861833333333,-3.88701072916667,-0.238047916666667,0.263461458333333,7.66887422993577,-3.67969967797844,0.741657614583333
"2012-01-10",9.329993125,-4.43498125,-0.210519583333333,0.264855,5.65872782233007,-6.25238290133,8.780236875
"2012-01-18",1.69907114583333,-6.11645875,-0.00621958333333333,0.218434791666667,3.13994900847437,-6.61913481218156,21.8387221354167
"2012-01-26",6.63636791666667,0.758113958333333,-0.0871895833333333,0.250509583333333,6.93142201753533,-0.877466931366451,13.5746896041667
"2012-02-03",9.53972104166667,-3.31246052083333,-0.151282916666667,0.271323333333333,7.6301589640963,-2.12974061305134,11.2196116354167
"2012-02-11",6.87247,-9.42459302083333,-0.194850833333333,0.252859479166667,4.2493170252406,-6.17039244056957,8.79514414583333
"2012-02-19",7.65792333333333,-3.90056895833333,-0.1583246875,0.269022395833333,8.3072701801349,-2.76343041392113,6.46817776041667
"2012-02-27",12.9551779166667,-2.50821239583333,-0.1296475,0.248285104166667,11.1826011475292,-1.69542847060602,13.0330771979167
"2012-03-06",16.0818055208333,-1.66926864583333,-0.2058440625,0.286685416666667,14.2064118961735,-0.289893818957576,13.2142189479167
"2012-03-14",28.0027175,10.890363125,-0.1953771875,0.3056403125,25.7713914573178,11.5586555514409,11.5985880625
"2012-03-22",26.2333522916667,10.72635625,-0.160229895833333,0.3444128125,23.1278215601288,10.4692828489226,11.5147220416667
"2012-03-30",28.34833375,10.0488351041667,-0.1568525,0.337124166666667,23.7708925275231,9.21566611515442,14.0710676770833
"2012-04-07",26.2762119791667,0.969706041666667,-0.1677590625,0.316993541666667,18.8896893699174,1.60243999596952,1.26568165625
"2012-04-15",25.4645246875,5.461200625,-0.13614375,0.336686145833333,20.704653358145,7.02423292886797,38.6501379479167
"2012-04-23",26.4670638541667,4.4233196875,-0.133061875,0.321075729166667,20.2482142317893,5.16511300759974,11.5684809895833
"2012-05-01",30.8455704166667,16.5167135416667,-0.0912517708333333,0.327495416666667,26.3653810741836,14.6873077113315,48.8542019479167
"2012-05-09",32.9358090625,8.56841447916667,-0.144084166666667,0.3320384375,25.2971817499112,9.42596249839662,2.79058248958333
"2012-05-17",37.3007590625,10.3717882291667,-0.130604791666667,0.345201145833333,29.1903730610555,11.0544814208784,6.242244875
"2012-05-25",37.8497848958333,14.7343813541667,-0.0808445833333333,0.404444375,31.2760721846998,15.7135988641935,6.71431503125
"2012-06-02",35.631258125,11.4320166666667,-0.015405,0.49167375,26.7601604229275,11.0931347345919,13.9491780416667
"2012-06-10",35.2065413541667,14.4745928125,0.0577827083333333,0.572083541666667,30.2230539632384,14.7034522195737,8.31339986458333
"2012-06-18",34.4469767708333,17.8719817708333,0.172265520833333,0.676525208333333,31.7284409618827,18.2230594128888,13.1638220520833
"2012-06-26",36.1257544791667,17.2092169791667,0.189488541666667,0.687961979166667,33.801449866777,17.6243739568984,8.72648786458333
"2012-07-04",36.5075397916667,21.09138625,0.2123684375,0.70389375,35.7560700112547,20.8799436363246,7.031984625
"2012-07-12",34.0827973958333,19.29570125,0.270076458333333,0.757540625,33.1958920515656,19.7192656907508,7.64095719791667
"2012-07-20",34.1148265625,19.8417644791667,0.243883125,0.715311354166667,34.3550088627099,20.5749269673993,8.40785575
"2012-07-28",33.9537135416667,18.0290569791667,0.218298125,0.705487291666667,32.8228169238542,18.301333218006,12.5846743645833
"2012-08-05",33.5129777083333,15.9299826041667,0.229596145833333,0.7356259375,31.4739750787485,16.3354503540295,17.8769183958333
"2012-08-13",27.8222116666667,13.3306840625,0.215060833333333,0.7191528125,26.9609252648928,13.4010848754696,27.4259673125
"2012-08-21",32.9489652083333,13.6283445833333,0.177551458333333,0.675497291666667,30.7211380031205,14.5683987719097,21.7659801875
"2012-08-29",33.3202925,16.8911463541667,0.1584159375,0.659606041666667,30.9031528246814,17.9984294548081,62.5337863229167
"2012-09-06",28.8411988541667,14.1088905208333,0.0764128125,0.5791378125,27.4969371149924,13.6866626168732,27.9880937083333
"2012-09-14",25.5439094791667,8.92541114583333,0.0292909375,0.5060134375,23.93782585322,9.26955862268836,10.2673670729167
"2012-09-22",24.8228172916667,4.33630083333333,-0.0389963541666667,0.4350528125,22.2503855914477,6.66243834725347,22.6808316979167
"2012-09-30",27.36712,5.60997447916667,-0.105705625,0.372658333333333,21.6447655171753,7.01341249890191,19.4332954479167
"2012-10-08",19.7536738541667,1.73850427083333,-0.119085833333333,0.339804895833333,16.8883182554029,3.03402395263368,22.823870375
"2012-10-16",20.9071151041667,6.61785135416667,-0.130366458333333,0.324382604166667,19.0013179727972,6.73842973969879,28.4621133125
"2012-10-24",16.9946676041667,9.135249375,-0.17004375,0.32816875,16.6999765339415,6.68543639134723,20.4659564479167
"2012-11-01",13.8351667708333,-2.0735140625,-0.168847291666667,0.313816041666667,11.1123096263358,-0.409880269504325,5.10810947916667
"2012-11-09",12.6376197916667,1.26828770833333,-0.12676375,0.3344446875,12.7616589791468,1.02155481964412,19.6585431666667
"2012-11-17",14.8650083333333,0.118545,-0.177032916666667,0.319953645833333,14.3406011236244,0.370970637959225,2.51410097916667
"2012-11-25",11.4524892708333,-3.76013541666667,-0.196037916666667,0.31082375,8.73921383060207,-3.60168219997567,0.27281453125
"2012-12-03",13.1529725,2.99443989583333,-0.171837708333333,0.315809375,13.0276937832394,3.40491800896444,12.54427525
"2012-12-11",6.983189375,-3.330515625,-0.185997083333333,0.328597708333333,7.68446925671011,-1.97557177167878,12.7855092708333
"2012-12-19",1.95053019097222,-6.86833336805556,0.302969791666667,0.1815328125,4.87146945934747,-4.60596354190534,22.803164875
"2012-12-27",-2.88722180555556,-10.1169492361111,0.45567625,0.0556327083333333,0.172211995318159,-7.04294366629857,5.98318980208333
"2013-01-04",-0.450083076923077,-10.1536350549451,0.487437472527473,0.0755194505494505,1.07956210580227,-9.62293487974397,2.33311554945055
"2013-01-12",4.68376549450549,-2.15108406593407,0.0833454945054945,0.245354615384615,5.76812202509346,-3.84984090019259,41.9636155604396
"2013-01-20",2.76834417582418,-4.79058736263736,-0.14442043956044,0.301345494505495,1.68188551581322,-8.16040439316869,0.0738744065934066
"2013-01-28",2.91155054945055,-8.70858186813187,-0.118423956043956,0.259317362637363,5.24905579774178,-5.41172043559533,44.373213
"2013-02-05",5.42736434065934,-7.05500269230769,-0.0373928571428572,0.260388241758242,4.21595950824176,-6.00384921428571,11.8144392527473
"2013-02-13",6.81432340659341,-4.86418296703297,-0.149625494505495,0.294092197802198,6.06801498717949,-3.86346463736264,11.7907602527473
"2013-02-21",3.8876978021978,-8.58845010989011,0.205734615384615,0.202074285714286,2.92061693864469,-8.13280571978022,20.2058348021978
"2013-03-01",3.47366120879121,-10.2455341758242,0.32807054945055,0.164424505494505,2.98047083516484,-5.06976807692308,22.0367117032967
"2013-03-09",6.62885120879121,-5.68982032967033,0.13908956043956,0.225783846153846,6.58663973626374,-2.64063158241758,26.3563169010989
"2013-03-17",7.47318758241758,-5.67151461538462,-0.11044043956044,0.28576,6.00862838461538,-4.23954716483517,16.4817830659341
"2013-03-25",15.719880989011,-5.67763835164835,-0.164628681318681,0.301671428571429,8.04047232967033,-3.77881893406593,14.5187325054945
"2013-04-02",19.2960821978022,-2.33243868131868,-0.203117252747253,0.310427142857143,14.351493010989,-0.860577659340659,1.58924156043956
"2013-04-10",22.4528334065934,3.49071989010989,-0.173335714285714,0.320895164835165,18.7074871318681,5.80655343956044,43.694613043956
"2013-04-18",19.383660989011,2.29784142857143,-0.0959246153846154,0.345383296703297,17.0186734835165,4.08641262637363,94.2805292417582
"2013-04-26",21.6089974725275,6.11962637362637,-0.117779120879121,0.351652967032967,18.2304894065934,6.1231853956044,26.510050010989
"2013-05-04",30.6492491208791,11.225189010989,-0.100142197802198,0.363843846153846,23.6985644417582,10.0072414197802,42.3991541428571
"2013-05-12",29.1821078021978,7.53825912087912,-0.141734725274725,0.340068021978022,23.9386221142857,9.25303811428572,17.876740032967
"2013-05-20",30.4047174725275,10.9010535164835,-0.103484395604396,0.369018021978022,26.5952661164835,13.695965632967,28.7878616593407
"2013-05-28",26.0196668681319,12.9283278021978,-0.0421853846153846,0.35749989010989,24.4202921406593,14.1045915087912,89.9913005604396
"2013-06-05",28.0064792307692,11.5990625274725,-0.092996043956044,0.358661868131868,23.910833339114,12.6023529591346,9.35587436263736
"2013-06-13",34.0482242857143,16.2900276923077,-0.0923291208791209,0.405984615384615,29.6236140408654,16.7029450061813,24.2991861318681
"2013-06-21",34.1876394505494,17.3900264835165,-0.00103923076923077,0.526737802197802,30.3699694459135,17.9573751741071,45.2574194395604
"2013-06-29",29.090010989011,18.2244474725275,0.117969230769231,0.650990659340659,27.4962860817308,17.8496462101648,48.3456691758242
"2013-07-07",30.23488,17.8494330769231,0.224667032967033,0.721208351648352,29.4055637724931,18.4559377846841,14.0322462417582
"2013-07-15",30.9713940659341,18.7183585714286,0.27846021978022,0.781778351648352,30.9867092214973,19.0377973921703,1.67942745054945
"2013-07-23",28.4312706593407,16.4703143956044,0.357101318681319,0.839274065934066,28.167916329842,16.7326655381181,28.9501715824176
"2013-07-31",25.250799010989,13.363107032967,0.359294945054945,0.82649032967033,25.3202484821429,14.47735775,19.3376087032967
"2013-08-08",27.0533207692308,15.3232730769231,0.380854945054945,0.849537912087912,27.4048842388393,16.4857482805632,10.9934010989011
"2013-08-16",25.441850989011,13.0644512087912,0.395031208791209,0.861738571428571,25.9255127317995,13.0930275583791,3.71295462637363
"2013-08-24",29.9697584615385,18.2009879120879,0.392907912087912,0.872034615384615,30.6857904335508,18.3014738471841,8.29062103296703
"2013-09-01",29.0220306593407,16.5764175824176,0.334606813186813,0.823198351648352,30.1940143001374,16.9156682348901,8.01816794505495
"2013-09-09",30.3744616483516,17.2811567032967,0.278674725274725,0.762121868131868,30.8888809593063,17.4591149344093,9.77056536263736
"2013-09-17",25.699188021978,11.4456704395604,0.197133956043956,0.66114989010989,24.87000834375,11.8619138646978,19.3889564835165
"2013-09-25",28.1526506593407,10.5714797802198,0.08634,0.540685384615385,26.0364383765453,10.2755420037775,6.73452295604396
"2013-10-03",25.0904242857143,13.0726418681319,-0.04736,0.389321978021978,24.7489681126374,13.1885430989011,31.0174976373626
"2013-10-11",26.1304895604396,8.0084467032967,-0.101176703296703,0.370862197802198,23.4400973981799,7.84886024896978,2.64029045054945
"2013-10-19",16.1136424175824,2.57695879120879,-0.100780659340659,0.320832197802198,15.0411542551511,3.46808947596154,12.9399333406593
"2013-10-27",16.6843275824176,-1.8819321978022,-0.133385494505495,0.289492307692308,14.6025714088255,0.714684669986264,32.2587185384615
"2013-11-04",12.9246616483516,0.50831967032967,-0.160315714285714,0.266475274725275,13.4413846723901,2.27380195192308,32.1009851538462
"2013-11-12",12.7159151648352,-0.786351208791209,-0.174501208791209,0.255650879120879,11.1573139895261,-1.50946236366758,2.89144250549451
"2013-11-20",8.14116692307692,0.440326923076923,-0.183273296703297,0.25926021978022,9.59933325171703,-0.6099074375,25.7377012197802
"2013-11-28",7.25360681318681,-7.09343274725275,-0.203424505494505,0.250605714285714,5.33041300841346,-6.39102509375,0.23353732967033
"2013-12-06",-2.92892582417582,-10.5068207692308,0.0725765934065934,0.150262417582418,1.32522738049451,-7.57113843131868,9.48543369230769
"2013-12-14",-2.04122263736264,-15.6178014285714,0.505755934065934,0.0382426373626374,-0.736090917754121,-11.7840503403159,12.7873671208791
"2013-12-22",-2.91286703296703,-8.04172351648352,0.150902197802198,0.158951978021978,1.71941483894231,-6.8213857657967,38.7818387692308
"2013-12-30",5.06814373626374,-4.00636472527473,0.0801308791208791,0.172580879120879,3.82526247292811,-7.5287347132555,0.54871532967033
"2014-01-07",-7.80861036842105,-9.10082510526316,0.460709263157895,0.0498064210526316,-4.60669937054178,-14.5585254283922,18.0625530526316
"2014-01-15",3.21209678947368,-7.47622821052632,0.0908210526315789,0.160099052631579,4.04906055567292,-5.30415632102031,16.0026659157895
"2014-01-23",-1.63262894736842,-13.2373722105263,0.249717473684211,0.127916210526316,-0.718656753200106,-12.8065918768064,4.2073658
"2014-01-31",-2.17918178947368,-16.4316527368421,0.0550852631578947,0.169252947368421,-0.283709093652077,-13.3512613273293,8.55646618947369
"2014-02-08",-8.80094278947368,-18.2598058421053,0.605773052631579,0.0434643157894737,-5.45224354989352,-15.6730995567995,17.7402692105263
"2014-02-16",-7.1749572631579,-16.0741137894737,0.698154631578947,-0.002346,-3.70474810262619,-15.505954379837,6.82309414736842
"2014-02-24",4.41107736842105,-4.044534,0.31257,0.135387894736842,6.34543328148324,-3.62025143445349,22.8494469263158
"2014-03-04",-1.00448726315789,-12.2019863157895,0.162512210526316,0.139277052631579,-1.5474243870389,-12.5032094469647,7.86857041052632
"2014-03-12",8.76471915789474,-4.52617547368421,0.138573368421053,0.167868842105263,9.51209936286,-3.32278410421272,11.4439955473684
"2014-03-20",15.1635517894737,-1.72849505263158,-0.155763473684211,0.242329578947368,12.000845649601,-2.35972124567129,4.29052017894737
"2014-03-28",12.2922437894737,-5.51188221052632,-0.213645263157895,0.254284315789474,9.36504696792098,-3.43242543976143,11.8971465789474
"2014-04-05",18.5561622105263,0.107888,-0.210946631578947,0.259520421052632,14.9913113072936,1.66295131351684,52.5078068105263
"2014-04-13",23.6654347368421,3.15333347368421,-0.195140315789474,0.269454315789474,19.9014926387714,5.18391402732143,21.1957798842105
"2014-04-21",26.614147368421,2.90571852631579,-0.192305263157895,0.290385263157895,19.2539412755124,3.6634915200734,4.61099130526316
"2014-04-29",26.9668197894737,5.069808,-0.160049789473684,0.287584421052632,21.6854184490956,7.33603161282536,45.9561206736842
"2014-05-07",27.8359565263158,6.36669189473684,-0.151904947368421,0.304898526315789,22.4978657595208,8.63257484241942,1.29944007368421
"2014-05-15",28.8425654736842,7.37546284210526,-0.115673473684211,0.298761894736842,23.548061669946,10.5724487456977,59.4597714
"2014-05-23",30.3730244210526,8.48889484210526,-0.122364105263158,0.336712631578947,24.505611106687,9.98955565950229,5.11839194736842
"2014-05-31",35.225543368421,15.0108732631579,-0.0943276842105263,0.357719052631579,29.7561832907964,16.01122287857,14.6377049368421
"2014-06-08",34.5666024210526,15.4917226315789,-0.00338052631578947,0.430047684210526,28.3179757906954,16.1347322976378,49.6001051473684
"2014-06-16",29.7667396842105,13.8205342105263,0.0337941052631579,0.548784842105263,26.445293648489,14.7635344535476,34.2101370842105
"2014-06-24",29.483758,19.0652034736842,0.196169368421053,0.648463368421053,29.9386162747037,19.1522155147207,51.7405013578947
"2014-07-02",27.6938854736842,16.2858865263158,0.28532147368421,0.736990736842105,28.1644544167079,17.8388251232621,38.8445126842105
"2014-07-10",27.3049335789474,14.7134505263158,0.326871157894737,0.808537368421053,27.2757698867822,15.5058526937918,12.5455505578947
"2014-07-18",25.7306210526316,12.7501132631579,0.375829684210526,0.834047157894737,26.3099114200145,14.3702168327426,31.8678561894737
"2014-07-26",27.1504375789474,14.9014529473684,0.399545052631579,0.854383368421053,27.4247262374572,15.3967275822197,12.3083152736842
"2014-08-03",26.838942,14.1035372631579,0.407321368421053,0.875567578947368,27.1461598864789,14.1011911106442,6.69887
"2014-08-11",24.4418028421053,15.9504665263158,0.396464736842105,0.823642315789474,26.2447009249743,17.2022709443318,42.0552687789474
"2014-08-19",25.9558211578947,15.0184428421053,0.403583789473684,0.860832421052632,26.458531173996,15.6988525148616,22.4055199052632
"2014-08-27",28.5480043157895,20.9202527368421,0.373623578947368,0.856579578947368,30.1723764019651,20.5234786643387,35.5867533789474
"2014-09-04",27.9198471578947,19.1532887368421,0.307829052631579,0.790060842105263,28.9282030194079,18.9123960875,36.6098511789474
"2014-09-12",24.3691048421053,10.8822275789474,0.257298947368421,0.76122052631579,23.4665408284539,11.5704970904605,61.0211034842105
"2014-09-20",24.6103856842105,9.47641884210526,0.153579473684211,0.620465157894737,22.4300368480263,8.79868840921053,13.4988577578947
"2014-09-28",27.8728471578947,9.995988,0.0681784210526316,0.55023,26.1851364149671,10.0195695174342,0.128708768421053
"2014-10-06",22.6561177894737,9.1627692631579,-0.0450881052631579,0.386602947368421,21.4960556029605,8.70042270986842,50.200957631579
"2014-10-14",23.6125805263158,5.23004084210526,-0.107111473684211,0.366239368421053,19.3330187699013,7.40937567072368,40.0311541473684
"2014-10-22",20.8491468421053,5.29241242105263,-0.171488631578947,0.314590210526316,17.6556201894737,5.37419558947368,1.57192410526316
"2014-10-30",21.5809858947368,5.13433778947368,-0.146658,0.289211157894737,19.5998425684211,5.53555752631579,8.72706265263158
"2014-11-07",14.2995558947368,-0.218791263157895,-0.157046210526316,0.278384315789474,12.5640049263158,0.441962052631579,9.49499855789474
"2014-11-15",10.6534633157895,-2.8679312631579,-0.115953473684211,0.229857368421053,6.79595109473684,-3.4426526,2.74131841052632
"2014-11-23",3.30975947368421,-9.47562778947368,-0.120109157894737,0.243372105263158,3.9059238631579,-6.71371162105263,27.3287649473684
"2014-12-01",2.69563168421053,1.61354984210526,0.083041052631579,0.171146421052632,4.02311072631579,-3.77836595789474,5.26014388421053
"2014-12-09",3.61829584210526,-2.86952436842105,-0.0422073684210526,0.168673894736842,3.93829115789474,-1.82449390175439,19.8299222210526
"2014-12-17",4.85511931578947,-2.39341610526316,-0.0165889473684211,0.0771143157894737,5.40111814736842,-0.996132898245614,6.47328101052632
"2014-12-25",7.39779905263158,-2.63334715789474,-0.111064947368421,0.237302631578947,5.94585317894737,-0.837842052631579,14.2772718105263
"2015-01-02",-6.4941670609319,-10.7420274193548,0.0408716129032258,0.179091397849462,-3.63195273476703,-11.2714977275986,21.6389393225806
"2015-01-10",-0.758366774193548,-10.4965612903226,0.271735913978495,0.127087741935484,-1.72054745519713,-12.3366387240143,8.23487825806452
"2015-01-18",6.97825580645161,-2.31359623655914,-0.0452613978494624,0.230095591397849,6.32466056272401,-2.63660254480287,0.834796258064516
"2015-01-26",3.56733370967742,-4.74182252688172,-0.0216035483870968,0.209804193548387,3.99540466666667,-4.61099553763441,16.7835082688172
"2015-02-03",1.54754698924731,-7.04502172043011,0.259273333333333,0.12444247311828,2.60338870967742,-8.75815143010753,8.0327347311828
"2015-02-11",0.09535623655914,-9.8474964516129,0.194315376344086,0.120484946236559,-1.08019292473118,-10.7589512365591,4.64300327956989
"2015-02-19",-5.5917126344086,-16.8887219892473,0.597663440860215,0.0125270967741935,-4.62896908602151,-16.0076756236559,8.96022837634409
"2015-02-27",-5.68114021505376,-18.8588144086022,0.762372903225806,-0.00914247311827957,-2.7035698172043,-14.0233816989247,18.1986402258065
"2015-03-07",8.63296279569892,-6.3200176344086,0.0752330107526882,0.200220752688172,9.14656505376344,-4.40712976344086,10.1883240537634
"2015-03-15",16.9695460215054,2.51540784946237,-0.191988494623656,0.248684838709677,15.0643589354839,2.22129548387097,10.8728101935484
"2015-03-23",13.7036344086022,-2.57516225806452,-0.178283010752688,0.266690322580645,10.0786356989247,-1.59133193548387,21.8210493225806
"2015-03-31",22.4501764516129,1.2603347311828,-0.182180967741935,0.280321182795699,19.1591115913978,2.96292229032258,17.3401263870968
"2015-04-08",22.5364102150538,2.8129523655914,-0.168891827956989,0.297297096774194,20.4403351781874,6.78768295852535,33.3652169462366
"2015-04-16",24.4015137634409,4.68037838709677,-0.15804688172043,0.311830967741935,20.8103253241167,7.39992512135177,16.6693839462366
"2015-04-24",25.4488298924731,1.56524150537634,-0.16408,0.308473870967742,18.5181591474654,3.04187977880184,14.5079228602151
"2015-05-02",32.1464767741936,6.77544591397849,-0.159848709677419,0.311287311827957,26.7073653579109,10.4761359093702,21.3291099462366
"2015-05-10",23.0620725806452,7.20405698924731,-0.144477849462366,0.318903333333333,22.5387571113671,11.181367265745,49.8528236666667
"2015-05-18",29.0677717204301,8.30681387096774,-0.147044946236559,0.332155483870968,23.1612682196621,10.5939132135177,11.2357245376344
"2015-05-26",28.6282793548387,12.0178494623656,-0.0842329032258065,0.376800322580645,25.5423922903226,14.1516632580645,49.9122616451613
"2015-06-03",30.6628003225806,13.4188807526882,-0.0159910752688172,0.513159247311828,26.8787243870968,14.1712347419355,44.1674057849462
"2015-06-11",32.1590322580645,18.9183395698925,0.0763208602150538,0.544144301075269,29.9196789247312,19.2302756129032,75.8360057526882
"2015-06-19",28.0381904301075,16.288082311828,0.18524752688172,0.660070322580645,27.4282363763441,17.9916375268817,71.0686908709677
"2015-06-27",26.2113017204301,14.8547077419355,0.243824731182796,0.715216129032258,25.8633019354839,15.9804775268817,42.7771755053763
"2015-07-05",27.4238530107527,15.8477003225806,0.271847096774194,0.728050537634409,25.9808593333333,16.0923429784946,51.3616591935484
"2015-07-13",29.4267424731183,20.8254120430108,0.324651182795699,0.813256451612903,30.2681507311828,20.324718516129,37.9443187526882
"2015-07-21",27.0733729032258,17.3038088172043,0.340630860215054,0.82541376344086,28.5452566666667,18.3131770860215,16.0147916021505
"2015-07-29",29.2949183870968,17.5447411827957,0.34961752688172,0.858500430107527,30.5538799032258,18.3770530322581,9.67316551612903
"2015-08-06",26.6137412903226,16.740708172043,0.355705268817204,0.857181397849462,27.9688325053763,17.5766442580645,30.1610420322581
"2015-08-14",27.9853749462366,17.4625274193548,0.357152043010753,0.859568602150538,28.9748243655914,17.3792399569892,29.306752139785
"2015-08-22",25.0208749462366,12.4571282795699,0.316456451612903,0.826237741935484,25.2007797419355,12.546410827957,2.23085101075269
"2015-08-30",30.9332701075269,19.2318384946237,0.223453225806452,0.732346774193548,30.3970406129032,18.7036309892473,9.99103220430108
"2015-09-07",28.6047825806452,11.9984366666667,0.12266623655914,0.637520752688172,27.9319206109191,15.1974370712366,40.0149031290323
"2015-09-15",28.9182330107527,11.9160783870968,0.043795376344086,0.532414301075269,27.0733060928059,12.4262238736559,27.2504350107527
"2015-09-23",30.5744783870968,12.0426090322581,-0.0548823655913978,0.42774064516129,27.7342423381336,13.0244880416667,5.78187031182796
"2015-10-01",25.5760432258065,8.41508193548387,-0.115931182795699,0.365686666666667,21.1814073576549,9.38314744623656,5.46680601075269
"2015-10-09",26.3076875268817,6.87728462365591,-0.143589032258065,0.314993655913978,23.4778957454557,7.8959493077957,0.807790129032258
"2015-10-17",23.5752656989247,4.25473516129032,-0.152552903225806,0.282548064516129,21.566307219278,5.61367376075269,2.27569405376344
"2015-10-25",18.6058867741936,2.3243288172043,-0.160414516129032,0.28269376344086,16.7648740103047,4.90222646102151,30.7554822258065
"2015-11-02",18.836274516129,4.52267268817204,-0.197618602150538,0.28083064516129,18.5226151239119,6.06275703225807,16.7860418064516
"2015-11-10",16.345723655914,0.289326774193548,-0.214420215053763,0.278538279569892,15.7316136743472,1.31390924731183,8.91283846236559
"2015-11-18",7.50612731182796,-1.26999365591398,-0.180037849462366,0.284320215053763,9.97097282693292,-0.0308060430107527,68.9833066236559
"2015-11-26",7.85242639784946,0.45725935483871,-0.109217849462366,0.262884516129032,9.55856090424987,2.149344,42.9997513548387
"2015-12-04",10.5244333333333,0.602330860215054,-0.173485053763441,0.286508494623656,9.16799858371736,-0.0885680913978495,0.932677677419355
"2015-12-12",6.15780462365591,-0.350639569892473,-0.178034946236559,0.280742688172043,11.6597775212494,3.21287464516129,26.5094368709677
"2015-12-20",6.31983064516129,-1.92589247311828,-0.172216989247312,0.294472688172043,9.64013411469534,0.308806946236559,35.9827412365591
"2015-12-28",0.340478817204301,-4.60199333333333,0.0959735483870968,0.211261612903226,4.17117319201229,-0.735503107526882,94.4027588817204
"2016-01-05",2.54579247311828,-4.60849161290323,0.0650779569892473,0.21439247311828,3.55957470481311,-3.85982901075269,2.65946823655914
"2016-01-13",1.01246075268817,-6.15071967741935,0.152499677419355,0.177476774193548,2.29577581976447,-7.96449405376344,11.6064924516129
"2016-01-21",-4.43260720430108,-13.1724712903226,0.319523010752688,0.113869784946237,-3.86068775883257,-12.5074036236559,5.48292229032258
"2016-01-29",7.87648946236559,-0.89890752688172,-0.112588817204301,0.24829376344086,7.71384909267793,-1.48191162365591,1.13602649462366
"2016-02-06",6.33142268817204,-3.05254903225806,-0.151604408602151,0.265227634408602,6.4253003312852,-3.16542017204301,9.12964027956989
"2016-02-14",1.60224075268817,-13.1064284946237,0.0594774193548387,0.176361075268817,-1.13893144086022,-9.88525416129032,5.28351607526882
"2016-02-22",16.2301590322581,-0.264542365591398,-0.0496393010752688,0.222858870967742,12.2588007869944,0.39163035483871,15.0440154946237
"2016-03-01",13.3114312903226,-1.77609741935484,-0.158756021505376,0.269356666666667,10.4297781761393,-2.2066075483871,4.25470596774194
"2016-03-09",17.7182486021505,-1.22543301075269,-0.160237956989247,0.245929247311828,15.4630831136713,3.36365943010753,12.9515949569892
"2016-03-17",17.9287034408602,3.63767419354839,-0.203585483870968,0.306683548387097,16.0869285995904,5.29869694623656,23.784367311828
"2016-03-25",18.2632569892473,-0.0943887096774194,-0.184346451612903,0.316546989247312,15.2008263758321,1.85920021505376,20.3781673010753
"2016-04-02",19.3555708602151,-0.16385752688172,-0.17594247311828,0.319701397849462,16.6297694423963,1.81274258064516,20.943714
"2016-04-10",20.5643043010753,-1.48783580645161,-0.173291075268817,0.317183978494624,13.5233560143369,0.617474666666667,26.5695069462366
"2016-04-18",29.9905133333333,6.37753301075269,-0.177029784946237,0.312631397849462,24.8508261131592,8.52270584946237,13.2866925483871
"2016-04-26",29.4687913978495,9.26499795698925,-0.160998279569892,0.33584688172043,23.0750680291859,9.68140577419355,25.649555483871
"2016-05-04",27.7079876344086,5.69209817204301,-0.159365161290323,0.329669247311828,20.535182687148,7.69486770967742,24.8702888924731
"2016-05-12",23.7818095698925,7.97024172043011,-0.156680967741935,0.338250752688172,21.7777049472606,9.86011947311828,51.4361506344086
"2016-05-20",32.2770824731183,7.73937741935484,-0.159884301075269,0.333262043010753,23.0980636482335,8.58109903225806,8.82834858064516
"2016-05-28",32.9453278494624,15.8852938709677,-0.113454731182796,0.377571935483871,29.1569705212494,16.5949335268817,24.0273361505376
"2016-06-05",33.2385643010753,13.5966319354839,-0.0697848387096774,0.453031505376344,28.4037325878136,15.0540945268817,21.5334131505376
"2016-06-13",35.9926462365591,18.6934102150538,0.0112382795698925,0.531447096774194,32.4345030092166,18.5554852258065,22.3832521290323
"2016-06-21",35.0755865591398,18.7688872043011,0.112626559139785,0.621529139784946,31.8253461510497,18.7749572795699,19.6120691075269
"2016-06-29",31.0531733333333,16.4025930107527,0.174933978494624,0.688453655913978,29.4393009272913,16.7291667956989,12.7159393225806
"2016-07-07",28.2420201075269,18.6102658064516,0.332001182795699,0.795130322580645,27.4816433056836,18.1120029569892,61.2350699569892
"2016-07-15",27.4500038709677,19.5503575268817,0.334065376344086,0.837297849462366,29.3806572432156,19.302223688172,31.3947374193548
"2016-07-23",28.4716664516129,20.8566730107527,0.375630430107527,0.847263548387097,31.1425442022529,21.1233825376344,49.3024650537634
"2016-07-31",26.5535193548387,17.9256176344086,0.369494623655914,0.785378064516129,28.7871239247312,19.2490686344086,20.069778516129
"2016-08-08",27.9592579569892,17.4887408602151,0.394937634408602,0.889460752688172,29.713176455914,18.8467949505376,12.8367288817204
"2016-08-16",25.8360130107527,18.6322957526882,0.344562795698925,0.703748064516129,27.9796440516129,19.7331335784946,83.482768172043
"2016-08-24",25.3260016129032,14.8323995698925,0.358349569892473,0.861735483870968,27.6014348946237,16.9970737655914,38.9002743655914
"2016-09-01",26.522465483871,16.3462540860215,0.274038279569892,0.78387376344086,28.1262276623656,16.9004636193548,16.3091132580645
"2016-09-09",27.9778189247312,16.6605802150538,0.167604838709677,0.695449892473118,28.8177393763441,17.3030718387097,43.6652911075269
"2016-09-17",29.8489158064516,14.5267809677419,0.0416455913978495,0.550715483870968,28.5361399505376,15.4798279827957,21.0302398709677
"2016-09-25",28.1912129032258,15.045136344086,-0.0627656989247312,0.445031290322581,28.3238635784946,14.9977702236559,8.78429255913979
"2016-10-03",27.2707922580645,12.548324516129,-0.0795610752688172,0.338249892473118,23.4200279053763,13.2062988623656,17.0276489569892
"2016-10-11",24.2745469892473,7.33130204301075,-0.127178172043011,0.342480322580645,22.7062385870968,7.77105336129032,9.45455344086021
"2016-10-19",23.605191827957,13.6544439784946,-0.140898817204301,0.314352043010753,22.6385167419355,11.5210468387097,21.9634244193548
"2016-10-27",22.4510890322581,7.60016010752688,-0.145688172043011,0.309374408602151,20.1632042150538,7.18266517204301,11.7473215483871
"2016-11-04",21.0518009677419,6.08467086021505,-0.139649569892473,0.321931935483871,21.0426028709677,7.7742278172043,15.2529463655914
"2016-11-12",16.8928582795699,1.08051150537634,-0.166341397849462,0.306246774193548,16.3193217634409,1.57851902150538,2.5431972688172
"2016-11-20",15.6495980645161,1.53826559139785,-0.174762365591398,0.30077752688172,13.7688730967742,1.04713839784946,14.2854726989247
"2016-11-28",10.446232688172,1.03692548387097,-0.08603,0.307669247311828,9.21502413978495,1.58446972043011,27.0538497096774
"2016-12-06",3.37373043010753,-6.60112053763441,0.0449686021505376,0.224105161290323,3.17962803225806,-3.28907877419355,9.58335531182796
"2016-12-14",-1.75674844086021,-12.9000082795699,0.157653010752688,0.171444086021505,-0.953875387096774,-9.62582356989247,7.55203937634409
"2016-12-22",-2.36265580645161,-13.0423017204301,0.182376451612903,0.203088494623656,0.792373580645161,-9.00382817204301,5.64988421505376
"2016-12-30",5.41321817204301,-1.14473860215054,-0.0683531182795699,0.284611827956989,7.80230539784946,-1.76010998924731,11.0459102365591
"2017-01-07",0.742625257731959,-7.89804721649485,-0.126267731958763,0.285881443298969,-0.288185288659794,-9.567571440586,7.26928991752577
"2017-01-15",2.93973139175258,-2.73652994845361,0.103419175257732,0.0646087628865979,4.78669286597938,-4.20288096364623,14.7070933402062
"2017-01-23",12.9678196907216,4.09152237113402,-0.0748026804123711,0.280910721649485,10.233935556701,3.00130396690179,25.0340089793814
"2017-01-31",4.21841175257732,-4.44281896907216,-0.0811835051546392,0.218125360824742,4.52807573195876,-2.9520800510038,1.14566049484536
"2017-02-08",6.15466670103093,-5.97552855670103,-0.201556701030928,0.283727835051546,5.90716882216495,-5.57696127251763,5.97474180412371
"2017-02-16",12.8186722680412,-2.18134092783505,-0.18913175257732,0.286650721649485,11.2570816958763,-2.4115349064026,0.572443278350515
"2017-02-24",20.4080126804124,5.85346175257732,-0.18589412371134,0.278772164948454,18.5419993427835,4.99674089270212,5.86120331958763
"2017-03-04",14.378715257732,-2.16403587628866,-0.189350824742268,0.307666288659794,11.8237105360825,-1.08865926695605,16.4717642371134
"2017-03-12",13.427434742268,-1.86469103092784,-0.175963402061856,0.322907216494845,11.685432742268,-0.102253728160608,16.2432545670103
"2017-03-20",15.5841226804124,-4.00139721649485,-0.13071824742268,0.301963092783505,10.7501976804124,-2.98482893163321,5.60079181443299
"2017-03-28",17.3635332989691,2.21827969072165,-0.182899072164948,0.306308350515464,15.4091506082474,4.28215116901791,15.5577384226804
"2017-04-05",15.620954742268,0.940451082474227,-0.0792847422680412,0.316590927835052,14.4912673402062,4.87571198100922,61.7264647010309
"2017-04-13",22.3597805154639,3.84625824742268,-0.138118865979381,0.346695360824742,20.5471526494845,5.57532233423766,7.82827656701031
"2017-04-21",26.3217144329897,9.75976948453608,-0.112852989690722,0.337313195876289,23.5624948969072,10.4453407390125,20.7219164742268
"2017-04-29",30.5096311340206,4.38357567010309,-0.162815257731959,0.322355257731959,22.0150703402062,6.66151909224091,96.9103604329897
"2017-05-07",22.2717025773196,5.49436030927835,-0.123425051546392,0.31328381443299,17.7500422474227,6.06434016711883,47.4447083608247
"2017-05-15",30.3945851546392,12.0062913402062,-0.141019175257732,0.306370927835052,26.129099628866,11.7358992729246,21.6766870515464
"2017-05-23",29.55019,12.7300071134021,-0.114701958762887,0.334240927835052,24.7641877319588,12.8330765539881,42.8055366701031
"2017-05-31",32.541084742268,11.9928302061856,-0.136582577319588,0.340213298969072,26.2614928659794,12.5196157319588,10.3959522061856
"2017-06-08",38.0235381443299,13.1936655670103,-0.113342886597938,0.377399381443299,30.5199335876289,13.9500256597938,4.5698474742268
"2017-06-16",37.7037695876289,19.8124421649485,-0.0883796907216495,0.407386082474227,32.622581814433,19.2278739278351,23.769928814433
"2017-06-24",30.7748610309278,14.7397260824742,0.0514352577319588,0.587847216494845,28.3867435154639,15.9550631649485,29.6296485979381
"2017-07-02",31.4404720618557,13.2742905154639,0.171446288659794,0.704310927835052,28.0571773195876,14.6236148350515,14.7504416597938
"2017-07-10",30.8724593814433,18.512096185567,0.25957381443299,0.783485670103093,30.3753810412371,18.6363136907217,21.1887401237113
"2017-07-18",29.69375,17.2317758762887,0.324441340206186,0.840395360824742,29.7087473402062,17.839999814433,22.9701831752577
"2017-07-26",29.1687768041237,18.6774554639175,0.337689896907217,0.85456,30.8380700103093,19.6357041134021,57.2039475360825
"2017-08-03",26.5507813402062,15.4217464948454,0.369997010309278,0.87782,27.687097628866,15.8308464020619,11.9884188247423
"2017-08-11",26.2266278350515,13.0198767010309,0.379893711340206,0.884707525773196,25.8881755876289,13.8329440927835,9.28956444329897
"2017-08-19",27.6121050515464,16.3567791752577,0.392906391752577,0.883232371134021,28.0530517113402,16.3962051030928,9.66855835051546
"2017-08-27",25.3663759793814,12.9132974226804,0.366923195876289,0.856478453608247,26.2252763092783,14.0982760721649,19.6663727835052
"2017-09-04",25.0971121649485,13.0520010309278,0.33922412371134,0.827121546391753,25.8075407525773,12.6511434845361,7.0885907628866
"2017-09-12",26.8571134020619,8.62973680412371,0.28273618556701,0.743283298969072,24.2600551340206,9.09511187628866,0.850342577319588
"2017-09-20",30.9270348453608,16.1548965979381,0.187807319587629,0.629649072164948,29.4371600412371,15.7746188556701,13.7331942474227
"2017-09-28",32.8930424742268,16.1563719587629,-0.0182349484536082,0.463487113402062,30.5233437113402,15.2975340412371,0.546894484536083
"2017-10-06",28.575812371134,9.83423288659794,-0.0659763917525773,0.403099896907216,25.7022945876289,12.6205952268041,19.3688860824742
"2017-10-14",28.0447242268041,11.8168379381443,-0.151116391752577,0.323887731958763,23.6706449793814,11.7333794329897,67.7250987835052
"2017-10-22",24.4045729896907,6.70656319587629,-0.196838969072165,0.307725051546392,22.078648814433,7.41301605154639,22.4236437525773
"2017-10-30",17.4172955670103,0.709682886597938,-0.165008556701031,0.286444948453608,12.7715738041237,1.35775931958763,8.37240637113402
"2017-11-07",13.979803814433,3.35864036082474,-0.190635360824742,0.268542680412371,12.9612691340206,3.4743953814433,22.7926849793814
"2017-11-15",10.5728924742268,-2.51435092783505,-0.203336494845361,0.266696701030928,9.11490022680412,-1.80024570103093,12.0868442886598
"2017-11-23",10.2001022680412,-2.52877917525773,-0.20074618556701,0.275660412371134,9.69853788659794,-2.44803975257732,17.2712158556701
"2017-12-01",14.6689275257732,-0.0255621649484536,-0.219700103092784,0.267375360824742,14.486098742268,-0.24381212371134,0.925066896907217
"2017-12-09",7.16505360824742,-5.4895687628866,-0.213406494845361,0.270582577319588,7.62659493814433,-4.48972105670103,5.14750094845361
"2017-12-17",6.26019010309278,-5.8913675257732,-0.195779793814433,0.257320515463918,6.49739503092784,-4.16545698969072,1.00607988659794
"2017-12-25",9.23670164948454,-1.55129948453608,-0.0936862886597938,0.226165051546392,5.1291346185567,-3.89266506701031,11.6312982061856
"2018-01-02",-8.33705681818182,-22.7838014772727,0.364557272727273,0.0916184090909091,-7.46742159090909,-19.4974631477273,4.32241189772727
"2018-01-10",-4.49678306818182,-8.87853886363636,0.0365667045454545,0.175730795454545,0.387975318181818,-9.31180714772727,11.1378516136364
"2018-01-18",2.72351056818182,-10.7105123863636,0.347177159090909,0.102691818181818,3.67279097727273,-6.24365170454545,15.130137125
"2018-01-26",8.57440670454545,-4.09561613636364,-0.199522840909091,0.257041818181818,7.490106125,-4.27073182954546,2.26778753409091
"2018-02-03",1.51431090909091,-13.8675409090909,-0.205798977272727,0.249135113636364,-0.403391886363636,-12.8778529886364,6.96522913636364
"2018-02-11",1.96687465909091,-9.05300454545455,0.291282159090909,0.124918522727273,3.76380005681818,-7.02081867045455,13.191782875
"2018-02-19",9.203143125,-4.43279164772727,-0.118522613636364,0.250007727272727,9.46407665909091,-0.697559068181818,104.191671090909
"2018-02-27",14.6762411363636,-0.457725681818182,-0.19387875,0.254398181818182,12.7091035568182,0.370839238636364,17.8198826363636
"2018-03-07",10.05726375,-4.17404511363636,-0.183993863636364,0.253654772727273,6.65317051136364,-3.21994653409091,7.85223592045455
"2018-03-15",15.1664689772727,-2.9785575,-0.215739431818182,0.266559886363636,10.6612991477273,-2.25594526136364,13.234610625
"2018-03-23",15.4892542045455,-4.64057732954545,-0.176511136363636,0.249912272727273,10.3118591363636,-0.818442386363637,55.0057762727273
"2018-03-31",13.8695042045455,-3.39941272727273,-0.127644204545455,0.260689431818182,10.0169663636364,-2.52673226136364,33.7837710568182
"2018-04-08",15.827095,2.34653159090909,-0.210122613636364,0.269562954545455,13.1303159772727,1.63798078409091,20.4630533977273
"2018-04-16",20.94279625,-0.659145681818182,-0.181313295454545,0.293568522727273,13.498666625,0.417862034090909,11.6530985909091
"2018-04-24",29.0955340909091,2.25364954545455,-0.196842045454545,0.294763636363636,20.5425100113636,4.12573207954545,8.89950988636364
"2018-05-02",32.5110625,9.51203045454545,-0.184622159090909,0.316893977272727,27.0713493068182,11.5317443863636,21.1796817727273
"2018-05-10",34.5472990909091,12.8073345454545,-0.161680227272727,0.3212525,28.2532110340909,13.7429991477273,21.6938117613636
"2018-05-18",31.7011477272727,14.3486176136364,-0.131062727272727,0.36827125,27.1107621590909,14.7167564204545,25.2872080909091
"2018-05-26",37.3096469318182,18.4274852272727,-0.106859204545455,0.421453977272727,32.0066961155303,18.6999626182851,32.9510780227273
"2018-06-03",35.0496842045455,15.1529686363636,-0.0196039772727273,0.521135340909091,29.9560120833333,15.2120104524793,12.9007860909091
"2018-06-11",31.2495667045455,19.6629034090909,0.13617,0.662231136363636,29.4484478806818,18.7601128946281,56.4624928409091
"2018-06-19",32.2309234090909,21.3250173863636,0.237501590909091,0.735365681818182,28.7408311098485,19.192327052686,58.2883768181818
"2018-06-27",29.3476455681818,20.5893989772727,0.318525340909091,0.827754659090909,29.8674736799242,19.9294539721074,36.941119125
"2018-07-05",29.8251795454545,17.9242842045455,0.346941704545455,0.853679204545455,30.3278658409091,18.1252111869835,8.94525129545455
"2018-07-13",28.7755564772727,17.2770971590909,0.375544772727273,0.872316704545455,29.8354974564394,18.2542744586777,28.8976319318182
"2018-07-21",26.9290952272727,17.018775,0.387892954545455,0.867152840909091,27.5527705719697,17.1253135258264,13.6007930795455
"2018-07-29",27.3177169318182,15.4479388636364,0.391246136363636,0.882721136363636,27.0345365284091,15.4668109452479,29.4906735227273
"2018-08-06",28.8675114772727,18.0735839772727,0.384763295454545,0.881996590909091,29.6761052234848,18.6200689214876,18.4948175
"2018-08-14",26.8302077272727,17.4926598863636,0.345777045454545,0.828400340909091,28.3839663958333,18.2607507045455,37.090880875
"2018-08-22",27.7009376136364,17.8299321590909,0.308858409090909,0.822105909090909,27.7042171860795,17.3465496818182,34.8997689090909
"2018-08-30",28.9585305681818,18.3398088636364,0.211090795454545,0.662978863636364,29.5040093039773,18.8457416704545,44.8461585681818
"2018-09-07",28.7023295454545,13.7108276136364,0.0726963636363636,0.591288295454545,25.6054663423295,14.4720278977273,74.3440754090909
"2018-09-15",32.7795695454545,17.6955320454545,-0.0403140909090909,0.474554431818182,31.1897792556818,17.4477435,7.08695839772727
"2018-09-23",27.0948197727273,10.1151179545455,-0.102781818181818,0.4010375,23.4880603963068,10.0667010227273,26.3393591818182
"2018-10-01",28.9415607954545,14.6749071590909,-0.122545340909091,0.346560568181818,25.6485341392045,13.7076006363636,34.7668474772727
"2018-10-09",21.8946585227273,14.1351031818182,-0.130125340909091,0.322846363636364,19.1089377002841,9.67873731818182,30.0967324545455
"2018-10-17",18.5973404545455,1.25010431818182,-0.188018181818182,0.29933125,15.2169830075758,0.66583553030303,1.36993084090909
"2018-10-25",17.1601794318182,0.705450340909091,-0.169448181818182,0.285312272727273,15.5805077537879,3.23699298106061,21.6367413068182
"2018-11-02",11.5462680113636,2.00398051136364,-0.0820127272727273,0.252741704545455,11.3162900568182,3.00723011363636,42.3318373522727
"2018-11-10",5.75882056818182,-7.31976818181818,-0.125316704545455,0.267385340909091,3.0402995,-5.897257625,8.54851910227273
"2018-11-18",10.2766886363636,-2.21196534090909,-0.128758636363636,0.266013409090909,7.48687493181818,-1.58906611363636,10.1726771477273
"2018-11-26",6.15790227272727,-1.81741551136364,0.190626590909091,0.158280454545455,6.06669353409091,-2.54169831818182,36.5653042727273
"2018-12-04",1.9925475,-9.98594556818182,0.108822159090909,0.198949090909091,1.78851559090909,-6.39471560227273,3.29433988636364
"2018-12-12",7.78590556818182,-2.07126715909091,-0.0908194318181818,0.289433295454545,7.50316054545455,-2.5428695,25.8390159886364
"2018-12-20",7.31184420454546,-4.04806829545455,-0.143983863636364,0.279351704545455,7.32344226136364,-2.47880819318182,3.73738484090909
"2018-12-28",4.12038920454545,-3.81110556818182,-0.0296398863636364,0.280419886363636,5.777018,-2.82540136363636,27.195171375
"2019-01-05",8.43698133333333,-0.217568133333333,-0.0855501333333333,0.2920924,7.88035618222222,-0.867047746666667,25.7921680666667
"2019-01-13",1.633786,-5.84485893333333,-0.141106666666667,0.2520612,1.21547228444444,-5.71813193333333,17.4203692933333
"2019-01-21",-4.80753213333333,-15.1959910666667,0.4760492,0.0231942666666667,-0.560727546666667,-9.16576976,37.6661361333333
"2019-01-29",-6.33978773333333,-17.8073521333333,0.345406,0.115905733333333,-5.34373262666667,-18.3110840266667,6.94483704
"2019-02-06",3.75717733333333,-4.16474066666667,0.0327708,0.204597066666667,5.62822002,-4.93720074,40.38685556
"2019-02-14",2.9004426,-7.18056433333333,0.1205584,0.1632168,2.9724456,-6.79511784,22.4147272933333
"2019-02-22",5.30566786666667,-6.8819344,0.0876688,0.218146,4.2424756,-5.34515824,22.1491345466667
"2019-03-02",4.09598,-10.0993453333333,0.0691754666666667,0.1633444,1.01780846666667,-9.21584706666667,1.89914684
"2019-03-10",9.43914706666667,-9.50534546666667,0.0857962666666667,0.1677644,6.51569057333333,-4.49856313333333,35.47048408
"2019-03-18",12.7534190666667,-0.129306933333333,-0.114427466666667,0.278602666666667,11.6866825333333,0.17916264,20.3916427066667
"2019-03-26",17.6291349333333,-1.071934,-0.192370266666667,0.283297733333333,14.48391292,0.677785306666667,19.14841304
"2019-04-03",14.8400193333333,-0.858848266666667,-0.156378,0.298655466666667,12.9692688666667,1.40739266666667,30.94755676
"2019-04-11",22.8726494666667,4.9965404,-0.166351066666667,0.327098,19.5358948666667,5.78035632,34.98442
"2019-04-19",24.2817756,2.40299546666667,-0.144333466666667,0.327603466666667,19.30947628,4.9119714,29.1842174266667
"2019-04-27",22.3488450666667,6.76300666666667,-0.109746666666667,0.3592188,18.7865397066667,7.16568533333333,45.84161532
"2019-05-05",24.3661568,7.47845306666667,-0.0755132,0.369793466666667,20.3214795055556,9.12703356444444,61.62223908
"2019-05-13",26.8080870666667,6.7228772,-0.0679093333333333,0.345854266666667,20.0946486377778,7.92158628888889,27.9784491466667
"2019-05-21",26.1242730666667,12.3765141333333,-0.0941230666666667,0.348597866666667,24.6344112766667,12.76041384,66.32965432
"2019-05-29",29.7826163333333,15.8421202,-0.0981704,0.381160266666667,27.7349320933333,16.3286070533333,49.4375981866667
"2019-06-06",32.7725865333333,14.5520072,-0.1255168,0.353396666666667,28.44126752,15.52677392,20.61084832
"2019-06-14",32.0073410666667,11.2949966666667,0.175665333333333,0.117062266666667,26.15312574,13.48646548,37.79579648
"2019-06-22",28.104496,15.5776930666667,-0.0508137333333333,0.451676266666667,25.97028956,16.5196348933333,62.97463516
"2019-06-30",33.5818224,19.6611725333333,-0.00598733333333333,0.509164,31.8482846266667,19.7512863866667,24.75459276
"2019-07-08",32.7535372,19.7756525333333,0.079454,0.6071636,31.2727743258781,19.9270881379211,19.3053533066667
"2019-07-16",33.7558129333333,19.4282752,0.142906666666667,0.6731268,31.2956150384229,19.983321182509,24.7233489066667
"2019-07-24",29.4105548,16.3111414666667,0.251360666666667,0.7762572,29.46688819319,17.6884197470968,13.5283377866667
"2019-08-01",30.2467058666667,16.3792212,0.3077636,0.814823866666667,29.3515525346237,16.7320051783513,9.39612518666667
"2019-08-09",28.7237250666667,16.6737390666667,0.324700133333333,0.820882933333333,29.5138780169786,17.3194625103249,23.05741392
"2019-08-17",26.9849090666667,19.0211125333333,0.345948133333333,0.837182933333333,28.8012280904446,18.7549516156319,27.8511586133333
"2019-08-25",24.4903766666667,14.6944810666667,0.348028933333333,0.86091,26.3975490061328,16.0229049076056,43.3132918266667
"2019-09-02",26.3933482666667,15.2310788,0.3399196,0.829163733333333,26.800905721821,15.4883988618015,16.2000126
"2019-09-10",27.4951070666667,16.4491705333333,0.319087066666667,0.8100872,28.0495986286204,16.6272262137752,26.5390479733333
"2019-09-18",29.2844309333333,16.335912,0.255400133333333,0.7555504,29.3472944598642,16.5368731390822,17.0742237866667
"2019-09-26",27.5640672,12.8942253333333,0.1671004,0.6531604,26.7143791577747,14.8345407977225,64.45845792
"2019-10-04",27.0857804,13.2450322666667,0.033552,0.5235976,25.9115782379073,13.7753320652517,23.3027810666667
"2019-10-12",22.2609106666667,4.42929226666667,-0.0635154666666667,0.4301464,20.7446733891511,5.7514934661143,22.9781707866667
"2019-10-20",18.9057904,3.53022266666667,-0.1025336,0.3426124,18.3538009403949,5.7503052403102,11.7395609066667
"2019-10-28",18.6142654666667,5.6521828,-0.0333212,0.335729466666667,14.2735403716387,4.76381653450609,72.0843350266667
"2019-11-05",9.85353453333333,-3.09408133333333,-0.134864933333333,0.290383866666667,10.5797608328825,-0.812987343520235,6.07945266666667
"2019-11-13",10.0188361333333,-4.44321173333333,-0.0372229333333333,0.2384048,7.2201296941263,-4.78178478154656,4.71909588
"2019-11-21",9.29310853333333,-1.82839426666667,-0.0904576,0.251208533333333,10.1010643020368,0.537093087093776,15.3322920266667
"2019-11-29",10.3858158666667,1.75944426666667,-0.0774365333333333,0.2153816,10.7253422966139,2.16651475573412,41.3879464933333
"2019-12-07",7.7306148,-3.0914928,-0.131402666666667,0.2612916,9.76955043896879,-1.52945921940332,2.44429765333333
"2019-12-15",2.01997693333333,-6.8026396,-0.055344,0.2112252,2.04359543465702,-5.42068278120743,7.69524410666667
"2019-12-23",7.481968,-3.77342733333333,-0.00488173333333331,0.209227733333333,14.4079545636786,0.898701310321799,0.0022
"2019-12-31",6.3885398,-4.52385766666667,-0.0656748,0.24422,10.8564228882557,1.08150599296214,28.2547109866667
"2020-01-08",6.36367939393939,-2.60451181818182,-0.154803838383838,0.269768484848485,7.94218782790367,-1.53440878447624,2.79016902020202
"2020-01-16",4.98179646464646,-2.44281929292929,-0.0799381818181818,0.251777676767677,8.08869418490654,-0.787000137358137,64.8041597070707
"2020-01-24",-0.901546212121212,-9.78239464646465,0.140708888888889,0.151149292929293,1.80391169342457,-6.79329283367438,31.9038286666667
"2020-02-01",3.27435338383838,-7.7685205050505,0.183768686868687,0.131400404040404,4.2865014090133,-2.07156997611857,4.47244068686869
"2020-02-09",9.00844656565657,-5.15633636363636,0.0192530303030303,0.209127272727273,8.20347115490506,-1.58715633741797,12.1689760909091
"2020-02-17",2.08371383838384,-10.9195147474747,0.32437101010101,0.137789292929293,4.2590364715039,-6.61884603710122,21.1562910808081
"2020-02-25",7.56866525252525,-6.50067101010101,-0.0798555555555556,0.238245252525253,7.69797394466838,-3.45626935799658,12.5951833535354
"2020-03-04",10.9022619191919,-3.32944222222222,-0.122022121212121,0.269578585858586,9.58300055924702,-1.65291286407713,11.7432305757576
"2020-03-12",16.2511690909091,-0.991840505050505,-0.211068686868687,0.272911111111111,14.2722323152398,1.52853759448878,18.0162376666667
"2020-03-20",14.5673936363636,2.58043338383838,-0.0652858585858586,0.186903939393939,12.240416475273,3.13963681399745,43.4910185959596
"2020-03-28",13.2533795454545,2.15546621212121,-0.00889585858585859,0.132149797979798,12.1739263272253,2.96898331633441,15.2017960606061
"2020-04-05",20.6517661616162,3.34724808080808,-0.182908686868687,0.308171616161616,17.2603316438242,4.18028789947945,10.5216507777778
"2020-04-13",26.8136752525253,5.39949525252525,-0.186401111111111,0.306417171717172,20.7543133644634,5.2718586004696,12.4545468787879
"2020-04-21",21.7844941414141,0.472767878787879,-0.167370303030303,0.312478686868687,15.1340869739915,1.04255126105572,8.31673028282828
"2020-04-29",21.6183529292929,4.51171848484849,-0.123687575757576,0.321758888888889,19.2421564219035,6.48887713376305,62.6562972929293
"2020-05-07",23.4338726262626,7.12843212121212,-0.135771515151515,0.331517272727273,20.2279789304215,7.55341017818755,25.1438790808081
"2020-05-15",21.1961307070707,0.86734393939394,-0.124824444444444,0.341607575757576,17.3960432318688,4.08619467210699,26.6251986565657
"2020-05-23",26.4045055050505,10.7146167676768,-0.0558790909090909,0.297300505050505,22.4955930989727,12.3997434286527,48.9790797474747
"2020-05-31",31.3597613131313,13.1928532323232,-0.130086464646465,0.364108181818182,27.5298085536187,14.9841963316631,26.6102212121212
"2020-06-08",38.2254408080808,16.1892278787879,-0.139083939393939,0.351854848484848,30.8307565739212,16.2631739518451,12.9139798686869
"2020-06-16",36.6692195959596,14.1443111111111,-0.0888129292929293,0.429625151515152,29.1582186952339,14.5409260972797,13.506513949495
"2020-06-24",35.4327392929293,15.5389198989899,0.0214372727272727,0.54724494949495,29.9231411784994,16.0644498942295,27.1592162222222
"2020-07-02",31.9417025252525,17.9424575757576,0.0981892929292929,0.613251717171717,29.4433921062093,18.3735786204722,49.0600755050505
"2020-07-10",32.0021748484848,20.5121060606061,0.227406060606061,0.775842525252525,31.3382501803839,19.6418641295431,13.399108979798
"2020-07-18",29.1509105050505,18.3262719191919,0.290743131313131,0.791077474747475,28.9956849313262,17.6616770527555,34.4756501414141
"2020-07-26",27.788345959596,19.236375050505,0.367756767676768,0.876184242424242,28.923750727723,18.8869039052608,36.9034042424242
"2020-08-03",27.6798976767677,17.6684363636364,0.383448686868687,0.869084646464646,27.4617124736147,17.7052590001904,47.152138050505
"2020-08-11",26.0854743434343,14.8979312121212,0.391596060606061,0.89562202020202,26.6191085780924,14.9751170799684,22.3056574545455
"2020-08-19",27.9235601010101,17.1967505050505,0.393543939393939,0.899837474747475,27.9035125192703,16.3149891075579,5.92708334343434
"2020-08-27",27.901171959596,15.9150014747475,0.380246464646465,0.880952121212121,28.8165683493372,16.4122770290868,1.57297909090909
"2020-09-04",27.8787838181818,14.6332524444444,0.320854747474747,0.813993737373737,27.315225719808,15.5939913496055,15.4779293131313
"2020-09-12",27.8563956767677,13.3515034141414,0.270513838383838,0.767532626262626,25.8172693532653,14.4180846630185,44.9991675252525
"2020-09-20",27.8340075353535,12.0697543838384,0.145627272727273,0.63893595959596,24.6670216331872,11.1539751077445,8.03012465656566
"2020-09-28",27.8116193939394,10.7880053535354,0.0534808080808081,0.502101515151515,25.2618911757354,10.9073505221676,10.6727322525253
"2020-10-06",28.9834144444444,10.1371564646465,-0.128256161616162,0.332470101010101,25.9524067984662,9.37994810006328,1.00396464646465
"2020-10-14",23.2398664646465,5.36095111111111,-0.118124848484848,0.29484202020202,18.6991360783881,5.4905705969779,36.2923888585859
"2020-10-22",14.366153030303,7.05317555555556,-0.120174848484848,0.278158181818182,13.0578778801956,4.76385180601373,34.537021010101
"2020-10-30",19.636506969697,2.47302808080808,-0.178127171717172,0.26153,18.3740069749323,3.04925293424148,0.00183080808080808
"2020-11-07",16.5139577777778,5.7411105050505,-0.160841515151515,0.274234242424242,17.2742591201741,5.0798387392369,20.0373737373737
"2020-11-15",12.9215474747475,0.995827070707071,-0.177149494949495,0.27679595959596,13.3634709192119,2.38745970405637,15.7936687373737
"2020-11-23",10.438835959596,-2.30638474747475,-0.156860707070707,0.293205454545455,10.1721333142093,0.0866054365526144,28.6680068282828
"2020-12-01",11.1446041414141,-4.43221515151515,-0.192983131313131,0.272269191919192,9.22600553676802,-2.20990941416423,0.0576024949494949
"2020-12-09",8.16748828282828,-3.16777909090909,-0.163929494949495,0.276846363636364,4.89151656740756,-3.07597817397198,1.89116498989899
"2020-12-17",7.44701,-5.51526555555556,-0.188717373737374,0.268460101010101,5.07115514855215,-7.73039736307266,3.66433270707071
"2020-12-25",5.43831878787879,-7.91703808080808,-0.171904242424242,0.249963838383838,5.68451007313108,-5.04857353533833,14.8948357272727
"2021-01-02",2.97099365384615,-7.31302538461538,0.250145897435897,0.124816025641026,4.31600083333333,-3.07535976923077,16.3990523461538
"2021-01-10",3.72162794871795,-4.10889756410256,0.248599358974359,0.153306153846154,4.76270855769231,-2.31557710897436,4.00304765384615
"2021-01-18",3.12270615384615,-7.30161205128205,0.0699661538461538,0.198907307692308,4.80418033333333,-5.50863473717949,2.70158367948718
"2021-01-26",-1.3127408974359,-9.94486314102564,0.640746923076923,0.0387046153846154,2.66453998717949,-5.02108896153846,39.0329863333333
"2021-02-03",-0.196502051282051,-10.9000569230769,0.22736217948718,0.156506538461538,0.821259243589743,-9.21817306410256,12.6743240128205
"2021-02-11",-9.74291025641026,-18.893823525641,0.535393076923077,-0.00390846153846154,-6.60534517948718,-14.0127877820513,13.7338480641026
"2021-02-19",2.54598282051282,-4.97137948717949,0.28893217948718,0.155540769230769,4.69550996153846,-5.76670657051282,2.83848180769231
"2021-02-27",12.5065005128205,-2.16859935897436,0.0402874358974359,0.222466666666667,12.269973,-1.20602184615385,19.7396484102564
"2021-03-07",18.3625258974359,-1.03126935897436,-0.141641794871795,0.271805897435897,16.9102200416667,2.04378739850427,17.5884262179487
"2021-03-15",17.0026852564103,-0.827514871794872,-0.132848974358974,0.305157692307692,13.2368839166667,1.58024869444444,47.5411267051282
"2021-03-23",20.166081025641,3.03938102564103,-0.167840641025641,0.314779102564103,17.4556734198718,4.97451643910256,25.8512786923077
"2021-03-31",22.4246488461538,1.06393333333333,-0.179174358974359,0.299391794871795,19.4676408717949,2.86064979487179,2.02795673076923
"2021-04-08",21.8161076923077,5.80730974358974,-0.138652051282051,0.326299487179487,20.1204651452991,8.10261855799756,34.0667978205128
"2021-04-16",22.7613780769231,0.683876794871795,-0.14889641025641,0.321626794871795,17.2842414989316,2.90581848778999,5.60078256410256
"2021-04-24",27.6588711538462,6.15399628205128,-0.139072820512821,0.330977820512821,22.1185864166667,8.01265354578755,29.3451652051282
"2021-05-02",26.9103817948718,4.62707358974359,-0.128627051282051,0.351303974358974,22.5549194519231,7.90809842857143,20.5749965897436
"2021-05-10",27.129818974359,3.10284064102564,-0.117449871794872,0.34646217948718,20.8200086837607,5.38247605494506,25.3629420128205
"2021-05-18",33.4540055769231,14.0424266666667,-0.087684358974359,0.314966666666667,27.0232621111111,15.1269428608059,28.5098501666667
"2021-05-26",29.9333041025641,7.43302974358974,-0.0948846153846154,0.386520128205128,24.9279273205128,10.6571973076923,25.8862840128205
"2021-06-03",36.2917016666667,15.4774112820513,-0.0793260256410256,0.425137307692308,29.4817938739316,16.0580374508547,22.1654815384615
"2021-06-11",37.2855978205128,17.0575098717949,-0.0170320512820513,0.513471666666667,31.5345414978632,16.9129291709402,6.0163486025641
"2021-06-19",31.6417426923077,13.3120767948718,0.11000858974359,0.615954871794872,28.3224086346154,15.3434971923077,42.4932247179487
"2021-06-27",28.9780593589744,15.9115775641026,0.284863333333333,0.794006025641026,28.2272845213675,17.7609223034188,61.0330815128205
"2021-07-05",29.5696121794872,17.6338653846154,0.285259871794872,0.808866666666667,28.0825122606838,17.4025780363248,32.5437268461538
"2021-07-13",27.2645862820513,17.7105670512821,0.361461923076923,0.790720128205128,26.7513992051282,17.7225858333333,54.3173813205128
"2021-07-21",29.5099483333333,18.3721630769231,0.377672948717949,0.879626025641026,29.4731928910256,18.4892981794872,10.8063513717949
"2021-07-29",26.0389421794872,14.7718711538462,0.39154217948718,0.881466538461538,26.9635050512821,16.0503063589744,16.3299580641026
"2021-08-06",27.6986787179487,19.0679342307692,0.383349871794872,0.877563846153846,28.2237289850427,17.8052895534188,35.4705862564103
"2021-08-14",26.8939152564103,16.439855,0.400485128205128,0.875308846153846,27.9243908290598,16.6671217606838,11.6350492435897
"2021-08-22",29.2501826923077,19.3088325641026,0.360124358974359,0.870370256410256,30.1723270064103,18.9936572820513,26.928637025641
"2021-08-30",27.5813306410256,16.3634842307692,0.31074782051282,0.788310641025641,27.452518025641,16.3321599871795,26.2894258205128
"2021-09-07",28.6911798717949,14.496671025641,0.213191794871795,0.704208076923077,28.1894073974359,14.486224025641,6.14958198717949
"2021-09-15",30.9395003846154,15.5765980769231,0.0710919230769231,0.521691025641026,29.299258448718,15.7484577179487,21.4006049358974
"2021-09-23",30.1260221794872,11.6660984615385,-0.0374857692307692,0.42073358974359,26.4620618076923,11.2235414102564,11.8455969102564
"2021-10-01",28.5633688461538,14.4925643589744,-0.0584514102564103,0.352271025641026,26.444164474359,15.2051785,26.3855997307692
"2021-10-09",26.8988025641026,13.1333512820513,-0.128060641025641,0.356517948717949,25.1747279358974,13.9201707051282,46.5860660769231
"2021-10-17",22.4093615384615,6.5539882051282,-0.166434743589744,0.328763717948718,20.3306407564103,6.89836923076923,4.88294921794872
"2021-10-25",16.0361735897436,4.70718974358974,-0.0830216666666667,0.336118076923077,15.8817385769231,6.48027343589744,66.8026799230769
"2021-11-02",15.4709806410256,-0.217945128205128,-0.162690897435897,0.30460141025641,14.5231897435897,0.938231666666667,0.329550076923077
"2021-11-10",11.2876346153846,2.53672,-0.0696151282051282,0.25180358974359,12.511889525641,3.20793141025641,11.2233254615385
"2021-11-18",8.09285628205128,-3.3668182051282,-0.149860128205128,0.301148846153846,11.1978172564103,-0.973800461538462,7.1548716025641
"2021-11-26",8.80435935897436,-3.16325525641026,-0.16672,0.295633076923077,10.4061020769231,-0.918833512820513,7.29856787179487
"2021-12-04",11.0595442307692,-1.90959461538462,-0.172247564102564,0.317685384615385,11.0507958846154,-0.553241301282052,10.6673440384615
"2021-12-12",7.99764474358974,0.134313974358974,-0.144989615384615,0.312432051282051,11.5034046923077,0.904642346153846,20.9729301666667
"2021-12-20",7.01619833333333,-3.97208487179487,-0.126327564102564,0.308286666666667,13.0724615641026,1.83310848717949,1.35031070512821
"2021-12-28",6.54722961538462,-1.69521128205128,0.329585769230769,0.153296666666667,9.2156515,1.87972178205128,17.0820443333333
